Rank,Feature,Importance
1,T-TPT_min,0.06902651822663573
2,T-TPT_mean,0.06872972310269806
3,T-TPT_median,0.052024752292410915
4,T-TPT_max,0.04946984681836592
5,T-JUS-CKP_median,0.04457297012911684
6,T-JUS-CKP_max,0.041620405964288634
7,T-JUS-CKP_mean,0.03503752437437062
8,P-ANULAR_mean,0.028174778886407254
9,P-TPT_range,0.02794961472199494
10,P-TPT_max,0.025535371493269808
11,P-TPT_median,0.02243049958014597
12,P-TPT_mean,0.021251913724335672
13,T-JUS-CKP_min,0.020681111385524895
14,P-ANULAR_max,0.019773794409858776
15,P-TPT_std,0.01837608625996718
16,P-ANULAR_median,0.018318932827702868
17,ABER-CKP_median,0.018281136164752795
18,ABER-CKP_max,0.01809654847197257
19,P-ANULAR_min,0.017406613535688502
20,P-TPT_min,0.01654109032857145
21,P-MON-CKP_std,0.01635495658091628
22,ABER-CKP_mean,0.0163307773169801
23,ABER-CKP_min,0.016167434673955677
24,T-JUS-CKP_range,0.013706639171880456
25,P-MON-CKP_max,0.013348437879247138
26,P-JUS-CKGL_mean,0.012944106962323367
27,P-MON-CKP_median,0.012520120871354002
28,P-MON-CKP_mean,0.012499527126469253
29,P-MON-CKP_min,0.012390632671782179
30,P-JUS-CKGL_min,0.01231522385039263
31,T-PDG_mean,0.011957014296197319
32,P-JUS-CKGL_median,0.011453942416914269
33,QGL_median,0.011290032202416688
34,P-JUS-CKGL_max,0.010791922071840383
35,T-PDG_median,0.009782030359793433
36,T-MON-CKP_std,0.009778860752166062
37,QGL_max,0.009383295286873839
38,T-JUS-CKP_std,0.009161061593791469
39,P-MON-CKP_range,0.0091304191570832
40,QGL_mean,0.009119542556842938
41,QGL_min,0.00846243682743345
42,T-PDG_min,0.008223265748655322
43,T-PDG_max,0.008223186426195139
44,T-MON-CKP_range,0.007708518384336187
45,T-MON-CKP_max,0.006241125004970106
46,P-PDG_max,0.005804838598065161
47,T-MON-CKP_mean,0.005504941222018072
48,T-MON-CKP_min,0.005273967824541829
49,P-PDG_min,0.005212311333381299
50,P-PDG_median,0.004984529576700086
51,P-ANULAR_range,0.0047258362913685445
52,P-PDG_mean,0.004445614562809732
53,T-TPT_range,0.003887313292153271
54,ABER-CKP_range,0.0034371536511283774
55,QGL_std,0.003414904784002204
56,ABER-CKGL_max,0.0032793400304013814
57,T-MON-CKP_median,0.0030874985207251108
58,QGL_range,0.003044335841635808
59,T-TPT_std,0.0027543306467169995
60,ABER-CKP_std,0.001887574793864255
61,P-JUS-CKGL_range,0.0018534749389391102
62,ABER-CKP_trend,0.0017952130042572369
63,P-JUS-CKGL_std,0.0016577690296387642
64,P-PDG_range,0.0016232051258877258
65,P-JUS-CKP_max,0.0015147351873146398
66,T-JUS-CKP_trend,0.0013811287454043647
67,P-PDG_std,0.0013076669262085364
68,T-PDG_range,0.0012990895700488007
69,P-JUS-CKP_mean,0.0012769650865880624
70,P-JUS-CKP_std,0.0012230821313323806
71,P-JUS-CKGL_trend,0.0012171321477149034
72,ABER-CKGL_mean,0.0012151345987004483
73,P-JUS-CKP_range,0.0011318252813695452
74,T-MON-CKP_trend,0.0010521138022209536
75,P-TPT_trend,0.0009700255760169451
76,P-ANULAR_std,0.0008709229031361405
77,ABER-CKGL_min,0.0008354457359402246
78,P-JUS-CKP_median,0.0007095578674558602
79,T-PDG_trend,0.000624825656732787
80,ABER-CKGL_median,0.0004862693087129244
81,P-MON-CKP_trend,0.0004652348404418015
82,ABER-CKGL_std,0.0004464947515508947
83,T-PDG_std,0.0003947206626014094
84,T-TPT_trend,0.00033776140717307293
85,ABER-CKGL_range,0.00032921437444598765
86,P-JUS-CKP_min,0.00026131855142141034
87,P-ANULAR_trend,0.0001153649398976285
88,P-PDG_trend,8.73890851964928e-05
89,ABER-CKGL_trend,8.735721609083615e-05
90,QGL_trend,6.667603766674486e-05
91,P-JUS-CKP_trend,3.465165149098907e-05
